Workbook

Sheet Products
A1: ProductID | B1: Product | C1: Price | D1: Ordered/Not Ordered
A2: 101 | B2: Product A | C2: 120 | D2: =IF(ISNA(VLOOKUP(A2,Orders!$B$2:$B$7,1,0)),"Not Ordered", "Ordered") -> Ordered
A3: 102 | B3: Product B | C3: 150 | D3: =IF(ISNA(VLOOKUP(A3,Orders!$B$2:$B$7,1,0)),"Not Ordered", "Ordered") -> Ordered
A4: 103 | B4: Product C | C4: 200 | D4: =IF(ISNA(VLOOKUP(A4,Orders!$B$2:$B$7,1,0)),"Not Ordered", "Ordered") -> Ordered
A5: 104 | B5: Product D | C5: 90 | D5: =IF(ISNA(VLOOKUP(A5,Orders!$B$2:$B$7,1,0)),"Not Ordered", "Ordered") -> Ordered
A6: 105 | B6: Product E | C6: 220 | D6: =IF(ISNA(VLOOKUP(A6,Orders!$B$2:$B$7,1,0)),"Not Ordered", "Ordered") -> Ordered
A7: 106 | B7: Product F | C7: 130 | D7: =IF(ISNA(VLOOKUP(A7,Orders!$B$2:$B$7,1,0)),"Not Ordered", "Ordered") -> Ordered
A8: 107 | B8: Product G | C8: 140 | D8: =IF(ISNA(VLOOKUP(A8,Orders!$B$2:$B$7,1,0)),"Not Ordered", "Ordered") -> Not Ordered
A10: 1. Use VLOOKUP to find the product names for each ProductID in the Orders worksheet.
A11: 2. Use VLOOKUP to find the price for each ProductID in the Orders worksheet, then calculate the TotalPrice by multiplying the Quantity by the Product Price.
A12: 3. Use VLOOKUP to check if there are any ProductIDs in the Orders worksheet that do not exist in the Products worksheet.
A13: 4. Assume a discount of 10% is given on all products. Use VLOOKUP to find the original price and then calculate the discounted price.
A14: 5. Use VLOOKUP to find the price for each ProductID and then calculate the order value. Find the maximum order value from the list.
A15: 6. Use VLOOKUP to find out which products from the Products worksheet have not been ordered.
A16: 7. Use VLOOKUP to find the Product name and summarize the total quantity sold for each product.

Sheet Orders
A1: OrderID | B1: ProductID | C1: Product Name | D1: Quantity | E1: Price | F1: TotalPrice | G1: Discount
A2: 1 | B2: 101 | C2: =IFERROR(VLOOKUP(B2,Products!$A$1:$B$8,2,0), "Product does not Exist!") -> Product A | D2: 2 | E2: =VLOOKUP(Table1[[#This Row],[ProductID]],Products!$A$1:$C$7,3,0) -> 120 | F2: =PRODUCT(D2,Table1[[#This Row],[Price]]) -> 240 | G2: =Table1[[#This Row],[Price]]*90% -> 108
A3: 2 | B3: 103 | C3: =IFERROR(VLOOKUP(B3,Products!$A$1:$B$8,2,0), "Product does not Exist!") -> Product C | D3: 1 | E3: =VLOOKUP(Table1[[#This Row],[ProductID]],Products!$A$1:$C$7,3,0) -> 200 | F3: =PRODUCT(D3,Table1[[#This Row],[Price]]) -> 200 | G3: =Table1[[#This Row],[Price]]*90% -> 180
A4: 3 | B4: 105 | C4: =IFERROR(VLOOKUP(B4,Products!$A$1:$B$8,2,0), "Product does not Exist!") -> Product E | D4: 4 | E4: =VLOOKUP(Table1[[#This Row],[ProductID]],Products!$A$1:$C$7,3,0) -> 220 | F4: =PRODUCT(D4,Table1[[#This Row],[Price]]) -> 880 | G4: =Table1[[#This Row],[Price]]*90% -> 198
A5: 4 | B5: 106 | C5: =IFERROR(VLOOKUP(B5,Products!$A$1:$B$8,2,0), "Product does not Exist!") -> Product F | D5: 3 | E5: =VLOOKUP(Table1[[#This Row],[ProductID]],Products!$A$1:$C$7,3,0) -> 130 | F5: =PRODUCT(D5,Table1[[#This Row],[Price]]) -> 390 | G5: =Table1[[#This Row],[Price]]*90% -> 117
A6: 5 | B6: 102 | C6: =IFERROR(VLOOKUP(B6,Products!$A$1:$B$8,2,0), "Product does not Exist!") -> Product B | D6: 5 | E6: =VLOOKUP(Table1[[#This Row],[ProductID]],Products!$A$1:$C$7,3,0) -> 150 | F6: =PRODUCT(D6,Table1[[#This Row],[Price]]) -> 750 | G6: =Table1[[#This Row],[Price]]*90% -> 135
A7: 6 | B7: 104 | C7: =IFERROR(VLOOKUP(B7,Products!$A$1:$B$8,2,0), "Product does not Exist!") -> Product D | D7: 6 | E7: =VLOOKUP(Table1[[#This Row],[ProductID]],Products!$A$1:$C$7,3,0) -> 90 | F7: =PRODUCT(D7,Table1[[#This Row],[Price]]) -> 540 | G7: =Table1[[#This Row],[Price]]*90% -> 81
A8: 7 | B8: 101 | C8: =IFERROR(VLOOKUP(B8,Products!$A$1:$B$8,2,0), "Product does not Exist!") -> Product A | D8: 5 | E8: =VLOOKUP(Table1[[#This Row],[ProductID]],Products!$A$1:$C$7,3,0) -> 120 | F8: =PRODUCT(D8,Table1[[#This Row],[Price]]) -> 600 | G8: =Table1[[#This Row],[Price]]*90% -> 108
B11: ProductID | C11: Status | H11: Product Name | I11: Total Quantity | J11: Total Price for Each Product | L11: Max Order Value
B12: 101 | C12: =IF(ISNA(VLOOKUP(B12,Products!$A$2:$A$8,1,0)),"Does Not Exist","Exists") -> Exists | H12: Product A | I12: =SUMIF(Table1[Product Name],H12,Table1[Quantity]) -> 7 | J12: =SUMIF(Table1[Product Name],H12,Table1[TotalPrice]) -> 840 | L12: =MAX(J12:J17) -> 880
B13: 103 | C13: =IF(ISNA(VLOOKUP(B13,Products!$A$2:$A$8,1,0)),"Does Not Exist","Exists") -> Exists | H13: Product C | I13: =SUMIF(Table1[Product Name],H13,Table1[Quantity]) -> 1 | J13: =SUMIF(Table1[Product Name],H13,Table1[TotalPrice]) -> 200
B14: 105 | C14: =IF(ISNA(VLOOKUP(B14,Products!$A$2:$A$8,1,0)),"Does Not Exist","Exists") -> Exists | H14: Product E | I14: =SUMIF(Table1[Product Name],H14,Table1[Quantity]) -> 4 | J14: =SUMIF(Table1[Product Name],H14,Table1[TotalPrice]) -> 880
B15: 106 | C15: =IF(ISNA(VLOOKUP(B15,Products!$A$2:$A$8,1,0)),"Does Not Exist","Exists") -> Exists | H15: Product F | I15: =SUMIF(Table1[Product Name],H15,Table1[Quantity]) -> 3 | J15: =SUMIF(Table1[Product Name],H15,Table1[TotalPrice]) -> 390
B16: 102 | C16: =IF(ISNA(VLOOKUP(B16,Products!$A$2:$A$8,1,0)),"Does Not Exist","Exists") -> Exists | H16: Product B | I16: =SUMIF(Table1[Product Name],H16,Table1[Quantity]) -> 5 | J16: =SUMIF(Table1[Product Name],H16,Table1[TotalPrice]) -> 750
B17: 104 | C17: =IF(ISNA(VLOOKUP(B17,Products!$A$2:$A$8,1,0)),"Does Not Exist","Exists") -> Exists | H17: Product D | I17: =SUMIF(Table1[Product Name],H17,Table1[Quantity]) -> 6 | J17: =SUMIF(Table1[Product Name],H17,Table1[TotalPrice]) -> 540
B18: 108 | C18: =IF(ISNA(VLOOKUP(B18,Products!$A$2:$A$8,1,0)),"Does Not Exist","Exists") -> Does Not Exist
